de_esp,tx_descripcion,tx_tipo_caso,id_unico,fe_ing_caso,de_mat_deli,ca_foli,de_estado,st_acumulado,situacion,de_sigl_mpub,fiscal,familia_real
PENAL,DENUNCIA,D,027365732860000000000001,30/06/2015,FALSIFICACION DOCUMENTARIA,53,CON SENTENCIA,,T,1FPPC-LIMA SUR,CALLE PARI HIDALGO NEPTALI,FALSIFICACION DOCUMENTARIA
PENAL,DENUNCIA,D,027358248110000000000002,07/02/2012,FALSIFICACION DE DOCUMENTOS,259,EN JUZGAMIENTO,,T,1FPPC-PUNO,MAMANI CURASI RONALD BARTOLOME,FALSIFICACION DOCUMENTARIA
PENAL,DENUNCIA,D,027892878730000000000003,24/09/2025,VIOLENCIA CONTRA LA MUJER E INTEGRANTES DEL GRUPO FAMILIAR,113,ARCHIVADO,,T,2FPPC-JULIACA,CALLE PARI CARMEN ROSA,VIOLENCIA FAMILIAR
PENAL,DENUNCIA,D,027557455520000000000004,25/06/2019,ABUSO DE AUTORIDAD - FUNCIONARIO PUBLICO,80,CON INVESTIGACION PRELIMINAR,,T,1FPPC-AREQUIPA,CONDORI ESCARCENA PEDRO PABLO,ABUSO DE AUTORIDAD
PENAL,DENUNCIA,D,027563553330000000000005,19/01/2018,USO DE DOCUMENTO FALSO,23,CON SENTENCIA,,T,1FPPC-LIMA NORTE,TICONA APAZA YESICA,FALSIFICACION DOCUMENTARIA
PENAL,DENUNCIA,D,027480369250000000000006,20/05/2022,VIOLENCIA FAMILIAR,296,CON INVESTIGACION PRELIMINAR,,T,2FPPC-PUNO,TICONA APAZA YESICA,VIOLENCIA FAMILIAR
PENAL,DENUNCIA,D,027381426540000000000007,16/10/2011,ABUSO DE AUTORIDAD (ART. 376 CP),195,FORMALIZA INVESTIGACION PREPARATORIA,,T,1FPPC-LIMA NORTE,CHOQUE CHUQUIMIA HIDALGO NEPTALI,ABUSO DE AUTORIDAD
PENAL,DENUNCIA,D,027437421690000000000008,13/09/2014,"V.L.P. (ACOSO - AGENTE POR CUALQUIER MEDIO VIGILA, PERSIGUE, HOSTIGA)",88,EN JUZGAMIENTO,,T,1FPPC-JULIACA,QUISPE HUANCA JUAN CARLOS,ACOSO
PENAL,DENUNCIA,D,027912545980000000000009,09/05/2024,FEMINICIDIO (TENTATIVA),167,ASIGNADO PNP (PRELIMINAR),,T,1FPPC-JULIACA,TICONA APAZA HIDALGO NEPTALI,FEMINICIDIO
PENAL,DENUNCIA,D,027108444560000000000010,03/01/2016,ABUSO DE AUTORIDAD - FUNCIONARIO PUBLICO,291,CON SENTENCIA,,T,1FPPC-AREQUIPA,QUISPE HUANCA MARIA ELENA,ABUSO DE AUTORIDAD
PENAL,DENUNCIA,D,027234053390000000000011,16/04/2020,LESIONES GRAVES ART. 121,72,CON INVESTIGACION PRELIMINAR,,T,1FPPC-LIMA SUR,TICONA APAZA CARMEN ROSA,LESIONES GRAVES
PENAL,DENUNCIA,D,027956075430000000000012,11/08/2019,VIOLENCIA FAMILIAR - PSICOLOGICA,186,CON INVESTIGACION PRELIMINAR,,T,3FPPC-PUNO,CALLE PARI LUIS ALBERTO,VIOLENCIA FAMILIAR
PENAL,DENUNCIA,D,027250436210000000000013,17/06/2012,VIOLENCIA FAMILIAR ART. 122-B,217,EN JUZGAMIENTO,,T,2FPPC-PUNO,MELENDRES QUISPE RONALD BARTOLOME,VIOLENCIA FAMILIAR
PENAL,DENUNCIA,D,027411911880000000000014,13/11/2021,HURTO DE BIENES MUEBLES,59,CON SENTENCIA,,T,1FPPC-LIMA SUR,APAZA MAMANI JOSE LUIS,HURTO SIMPLE
PENAL,DENUNCIA,D,027259184330000000000015,02/10/2019,USURPACION AGRAVADA,2,CON SENTENCIA,,T,2FPPC-JULIACA,MELENDRES QUISPE HIDALGO NEPTALI,USURPACION
PENAL,DENUNCIA,D,027488993170000000000016,10/01/2024,VIOLENCIA CONTRA LA MUJER E INTEGRANTES DEL GRUPO FAMILIAR,102,CON INVESTIGACION PRELIMINAR,,T,1FPPC-AREQUIPA,HUANCA TITO YESICA,VIOLENCIA FAMILIAR
PENAL,DENUNCIA,D,027531090050000000000017,08/06/2023,FEMINICIDIO - CIRCUNSTANCIAS AGRAVANTES,10,ASIGNADO PNP (PRELIMINAR),,T,1FPPC-AREQUIPA,HUANCA TITO RONALD BARTOLOME,FEMINICIDIO
PENAL,DENUNCIA,D,027129024030000000000018,22/09/2022,"USURPACION (AGENTE CON VIOLENCIA, AMENAZA, ENGANO O ABUSO DE CONFIANZA)",249,ASIGNADO PNP (PRELIMINAR),,T,1FPPC-LIMA SUR,MAMANI CURASI SILVIA MARIBEL,USURPACION
PENAL,DENUNCIA,D,027270553420000000000019,01/05/2022,FEMINICIDIO - CIRCUNSTANCIA AGRAVANTE (AGENTE ACTUA EN ESTADO DE EBRIEDAD),271,EN JUZGAMIENTO,,T,1FPPC-CUSCO,VILCA QUISPE JOSE LUIS,FEMINICIDIO
PENAL,DENUNCIA,D,027510775370000000000020,06/07/2014,LESIONES GRAVES - AGRAVADAS,192,ARCHIVADO,,T,1FPPC-LIMA SUR,CALLE PARI PEDRO PABLO,LESIONES GRAVES
PENAL,DENUNCIA,D,027553913440000000000021,09/06/2011,ROBO AGRAVADO,284,CON INVESTIGACION PRELIMINAR,,T,1FPPC-JULIACA,CHOQUE CHUQUIMIA SILVIA MARIBEL,ROBO AGRAVADO
PENAL,DENUNCIA,D,027375021040000000000022,28/04/2011,ABUSO DE AUTORIDAD,17,FORMALIZA INVESTIGACION PREPARATORIA,,T,2FPPC-PUNO,CALLE PARI CARMEN ROSA,ABUSO DE AUTORIDAD
PENAL,DENUNCIA,D,027351098340000000000023,20/11/2020,VIOLENCIA CONTRA LA MUJER E INTEGRANTES DEL GRUPO FAMILIAR,68,CON SENTENCIA,,T,1FPPC-LIMA NORTE,MAMANI MASCO CARMEN ROSA,VIOLENCIA FAMILIAR
PENAL,DENUNCIA,D,027158880620000000000024,12/02/2012,LESIONES GRAVES ART. 121,182,ARCHIVADO,,T,1FPPC-CUSCO,TICONA APAZA SILVIA MARIBEL,LESIONES GRAVES
PENAL,DENUNCIA,D,027161219930000000000025,29/06/2024,ROBO AGRAVADO,207,CON SENTENCIA,,T,1FPPC-AREQUIPA,VILCA QUISPE CARMEN ROSA,ROBO AGRAVADO
PENAL,DENUNCIA,D,027735032960000000000026,11/01/2022,DOCUMENTO PUBLICO FALSO,217,CON INVESTIGACION PRELIMINAR,,T,2FPPC-JULIACA,CHOQUE CHUQUIMIA SILVIA MARIBEL,FALSIFICACION DOCUMENTARIA
PENAL,DENUNCIA,D,027160418280000000000027,06/05/2022,ROBO AGRAVADO ART. 189,277,ASIGNADO PNP (PRELIMINAR),,T,2FPPC-PUNO,MELENDRES QUISPE JOSE LUIS,ROBO AGRAVADO
PENAL,DENUNCIA,D,027350275700000000000028,18/10/2020,LESIONES GRAVES (SEGUIDAS DE MUERTE),31,CON INVESTIGACION PRELIMINAR,,T,1FPPC-CUSCO,TICONA APAZA JOSE LUIS,LESIONES GRAVES
PENAL,DENUNCIA,D,027693089730000000000029,25/05/2016,ABUSO DE AUTORIDAD FUNCIONARIO,80,CON INVESTIGACION PRELIMINAR,,T,2FPPC-JULIACA,MAMANI MASCO JOSE LUIS,ABUSO DE AUTORIDAD
PENAL,DENUNCIA,D,027099861380000000000030,28/02/2022,LESIONES GRAVES,30,ASIGNADO PNP (PRELIMINAR),,T,1FPPC-LIMA NORTE,APAZA MAMANI PEDRO PABLO,LESIONES GRAVES
PENAL,DENUNCIA,D,027131240440000000000031,23/05/2021,AGRESIONES EN EL AMBITO FAMILIAR,36,EN JUZGAMIENTO,,T,2FPPC-PUNO,CONDORI ESCARCENA RONALD BARTOLOME,VIOLENCIA FAMILIAR
PENAL,DENUNCIA,D,027948516510000000000032,10/07/2015,LESIONES GRAVES ART. 121,42,ARCHIVADO,,T,1FPPC-LIMA SUR,MELENDRES QUISPE LUIS ALBERTO,LESIONES GRAVES
PENAL,DENUNCIA,D,027514749100000000000033,24/01/2026,ACOSO SEXUAL,136,ARCHIVADO,,T,3FPPC-PUNO,CHOQUE CHUQUIMIA CARMEN ROSA,ACOSO
PENAL,DENUNCIA,D,027750826380000000000034,18/03/2010,USURPACION ART. 202,38,EN JUZGAMIENTO,,T,1FPPC-JULIACA,QUISPE HUANCA YESICA,USURPACION
PENAL,DENUNCIA,D,027400270540000000000035,18/07/2011,VIOLENCIA FAMILIAR - PSICOLOGICA,146,CON INVESTIGACION PRELIMINAR,,T,1FPPC-LIMA NORTE,CONDORI ESCARCENA JUAN CARLOS,VIOLENCIA FAMILIAR
PENAL,DENUNCIA,D,027012859050000000000036,12/11/2021,VIOLENCIA FAMILIAR - PSICOLOGICA,54,CON INVESTIGACION PRELIMINAR,,T,2FPPC-JULIACA,APAZA MAMANI CARMEN ROSA,VIOLENCIA FAMILIAR
PENAL,DENUNCIA,D,027446256160000000000037,27/06/2013,USO DE DOCUMENTO FALSO,108,CON SENTENCIA,,T,1FPPC-AREQUIPA,CALLE PARI ROSA MARIA,FALSIFICACION DOCUMENTARIA
PENAL,DENUNCIA,D,027083225120000000000038,20/08/2015,LESIONES GRAVES SEGUIDAS DE MUERTE CIRCUNSTANCIAS AGRAVANTES,217,FORMALIZA INVESTIGACION PREPARATORIA,,T,1FPPC-PUNO,HUANCA TITO JOSE LUIS,LESIONES GRAVES
PENAL,DENUNCIA,D,027264782390000000000039,16/11/2015,ABUSO DE AUTORIDAD ART.376,283,CON SENTENCIA,,T,1FPPC-CUSCO,CONDORI ESCARCENA CARMEN ROSA,ABUSO DE AUTORIDAD
PENAL,DENUNCIA,D,027244299380000000000040,01/07/2025,VIOLENCIA FAMILIAR,19,FORMALIZA INVESTIGACION PREPARATORIA,,T,1FPPC-LIMA SUR,MELENDRES QUISPE YESICA,VIOLENCIA FAMILIAR
PENAL,DENUNCIA,D,027597416530000000000041,30/11/2016,FEMINICIDIO (TENTATIVA),184,CON INVESTIGACION PRELIMINAR,,T,1FPPC-JULIACA,CONDORI ESCARCENA RONALD BARTOLOME,FEMINICIDIO
PENAL,DENUNCIA,D,027253248780000000000042,03/12/2023,C.F.P. (FALSEDAD GENERICA),84,CON INVESTIGACION PRELIMINAR,,T,1FPPC-CUSCO,HUANCA TITO MARIA ELENA,FALSIFICACION DOCUMENTARIA
PENAL,DENUNCIA,D,027406553710000000000043,27/03/2019,ABUSO AUTORIDAD,82,CON SENTENCIA,,T,2FPPC-PUNO,CALLE PARI JUAN CARLOS,ABUSO DE AUTORIDAD
PENAL,DENUNCIA,D,027754167280000000000044,23/06/2014,HURTO SIMPLE,157,CON INVESTIGACION PRELIMINAR,,T,1FPPC-JULIACA,FLORES CONDORI SILVIA MARIBEL,HURTO SIMPLE
PENAL,DENUNCIA,D,027456421370000000000045,13/05/2017,ABUSO DE AUTORIDAD (ART. 376 CP),143,FORMALIZA INVESTIGACION PREPARATORIA,,T,1FPPC-LIMA SUR,CHOQUE CHUQUIMIA MARIA ELENA,ABUSO DE AUTORIDAD
PENAL,DENUNCIA,D,027427939250000000000046,02/08/2012,HURTO SIMPLE Y OTROS,298,FORMALIZA INVESTIGACION PREPARATORIA,,T,1FPPC-PUNO,QUISPE HUANCA RONALD BARTOLOME,HURTO SIMPLE
PENAL,DENUNCIA,D,027714993790000000000047,13/01/2017,FALSIFICACION DE DOCUMENTOS,60,ARCHIVADO,,T,1FPPC-JULIACA,QUISPE HUANCA PEDRO PABLO,FALSIFICACION DOCUMENTARIA
PENAL,DENUNCIA,D,027851898210000000000048,14/01/2010,USURPACION,101,FORMALIZA INVESTIGACION PREPARATORIA,,T,1FPPC-CUSCO,CALLE PARI MARIA ELENA,USURPACION
PENAL,DENUNCIA,D,027204159200000000000049,17/11/2024,C.F.P. (FALSEDAD GENERICA),260,FORMALIZA INVESTIGACION PREPARATORIA,,T,1FPPC-CUSCO,APAZA MAMANI JUAN CARLOS,FALSIFICACION DOCUMENTARIA
PENAL,DENUNCIA,D,027208541430000000000050,08/06/2022,HOSTIGAMIENTO - ACOSO,216,CON SENTENCIA,,T,1FPPC-CUSCO,CALLE PARI HIDALGO NEPTALI,ACOSO
PENAL,DENUNCIA,D,027897710060000000000051,09/02/2019,FEMINICIDIO - CIRCUNSTANCIAS AGRAVANTES,156,FORMALIZA INVESTIGACION PREPARATORIA,,T,1FPPC-JULIACA,APAZA MAMANI HIDALGO NEPTALI,FEMINICIDIO
PENAL,DENUNCIA,D,027761882380000000000052,24/03/2017,HURTO SIMPLE Y OTROS,227,CON SENTENCIA,,T,1FPPC-JULIACA,APAZA MAMANI CARMEN ROSA,HURTO SIMPLE
PENAL,DENUNCIA,D,027138956490000000000053,11/10/2024,VIOLENCIA FAMILIAR ART. 122-B,264,CON SENTENCIA,,T,1FPPC-AREQUIPA,CALLE PARI YESSY GIOVANNA,VIOLENCIA FAMILIAR
PENAL,DENUNCIA,D,027326234140000000000054,15/01/2015,DOCUMENTO PUBLICO FALSO,13,ASIGNADO PNP (PRELIMINAR),,T,1FPPC-JULIACA,VILCA QUISPE HIDALGO NEPTALI,FALSIFICACION DOCUMENTARIA
PENAL,DENUNCIA,D,027943141850000000000055,19/04/2019,ROBO AGRAVADO - PLURALIDAD DE AGENTES,197,ARCHIVADO,,T,1FPPC-CUSCO,MELENDRES QUISPE JOSE LUIS,ROBO AGRAVADO
PENAL,DENUNCIA,D,027174679650000000000056,15/02/2010,LESIONES GRAVES (SEGUIDAS DE MUERTE),113,CON INVESTIGACION PRELIMINAR,,T,1FPPC-LIMA SUR,VILCA QUISPE PEDRO PABLO,LESIONES GRAVES
PENAL,DENUNCIA,D,027747831840000000000057,21/09/2012,ROBO AGRAVADO,238,CON SENTENCIA,,T,1FPPC-LIMA SUR,HUANCA TITO SILVIA MARIBEL,ROBO AGRAVADO
PENAL,DENUNCIA,D,027827079910000000000058,28/09/2023,AGRESIONES EN EL AMBITO FAMILIAR,281,ARCHIVADO,,T,3FPPC-PUNO,QUISPE HUANCA JOSE LUIS,VIOLENCIA FAMILIAR
PENAL,DENUNCIA,D,027454395400000000000059,20/04/2024,ROBO AGRAVADO (A MANO ARMADA),249,CON SENTENCIA,,T,1FPPC-JULIACA,MAMANI MASCO SILVIA MARIBEL,ROBO AGRAVADO
PENAL,DENUNCIA,D,027384154510000000000060,29/05/2016,USURPACION ART. 202,172,FORMALIZA INVESTIGACION PREPARATORIA,,T,1FPPC-LIMA SUR,MELENDRES QUISPE PEDRO PABLO,USURPACION
PENAL,DENUNCIA,D,027250345050000000000061,04/08/2018,FALSEDAD IDEOLOGICA,33,ARCHIVADO,,T,1FPPC-CUSCO,CONDORI ESCARCENA SILVIA MARIBEL,FALSIFICACION DOCUMENTARIA
PENAL,DENUNCIA,D,027338878830000000000062,26/05/2011,ACOSO ART. 151-A,200,EN JUZGAMIENTO,,T,1FPPC-PUNO,FLORES CONDORI MARIA ELENA,ACOSO
PENAL,DENUNCIA,D,027489273890000000000063,21/11/2017,OMISION DE ASISTENCIA FAMILIAR ART. 149,215,EN JUZGAMIENTO,,T,1FPPC-LIMA SUR,FLORES CONDORI RONALD BARTOLOME,OMISION DE ASISTENCIA FAMILIAR
PENAL,DENUNCIA,D,027714089560000000000064,14/02/2016,OMISION A LA ASISTENCIA FAMILIAR,15,ARCHIVADO,,T,1FPPC-AREQUIPA,FLORES CONDORI SILVIA MARIBEL,OMISION DE ASISTENCIA FAMILIAR
PENAL,DENUNCIA,D,027875114410000000000065,16/12/2023,HURTO,202,EN JUZGAMIENTO,,T,1FPPC-PUNO,FLORES CONDORI YESSY GIOVANNA,HURTO SIMPLE
PENAL,DENUNCIA,D,027082352620000000000066,28/01/2014,FALSIFICACION DE DOCUMENTOS,195,FORMALIZA INVESTIGACION PREPARATORIA,,T,1FPPC-JULIACA,CONDORI ESCARCENA JOSE LUIS,FALSIFICACION DOCUMENTARIA
PENAL,DENUNCIA,D,027690651330000000000067,29/03/2016,ROBO CON AGRAVANTES,42,ARCHIVADO,,T,1FPPC-PUNO,QUISPE HUANCA MARIA ELENA,ROBO AGRAVADO
PENAL,DENUNCIA,D,027112416590000000000068,31/07/2024,VIOLENCIA FAMILIAR,16,CON INVESTIGACION PRELIMINAR,,T,1FPPC-JULIACA,QUISPE HUANCA SILVIA MARIBEL,VIOLENCIA FAMILIAR
PENAL,DENUNCIA,D,027775828740000000000069,31/10/2012,ABUSO DE AUTORIDAD Y OTROS,289,CON INVESTIGACION PRELIMINAR,,T,1FPPC-LIMA NORTE,CONDORI ESCARCENA SILVIA MARIBEL,ABUSO DE AUTORIDAD
PENAL,DENUNCIA,D,027187636830000000000070,15/08/2023,USURPACION AGRAVADA,160,ASIGNADO PNP (PRELIMINAR),,T,1FPPC-PUNO,CONDORI ESCARCENA LUIS ALBERTO,USURPACION
PENAL,DENUNCIA,D,027324922450000000000071,24/11/2018,USURPACION DE TERRENO,125,ASIGNADO PNP (PRELIMINAR),,T,2FPPC-JULIACA,VILCA QUISPE MARIA ELENA,USURPACION
PENAL,DENUNCIA,D,027872880180000000000072,15/10/2017,OMISION DE ASISTENCIA FAMILIAR,190,ASIGNADO PNP (PRELIMINAR),,T,1FPPC-LIMA SUR,APAZA MAMANI RONALD BARTOLOME,OMISION DE ASISTENCIA FAMILIAR
PENAL,DENUNCIA,D,027710269340000000000073,14/05/2012,ACOSO,236,CON SENTENCIA,,T,3FPPC-PUNO,TICONA APAZA JOSE LUIS,ACOSO
PENAL,DENUNCIA,D,027442598170000000000074,03/08/2024,HURTO,248,ARCHIVADO,,T,1FPPC-CUSCO,CALLE PARI ROSA MARIA,HURTO SIMPLE
PENAL,DENUNCIA,D,027456983850000000000075,11/12/2011,O.A.F.,125,ARCHIVADO,,T,1FPPC-CUSCO,QUISPE HUANCA SILVIA MARIBEL,OMISION DE ASISTENCIA FAMILIAR
PENAL,DENUNCIA,D,027798844750000000000076,29/01/2014,ACOSO,182,FORMALIZA INVESTIGACION PREPARATORIA,,T,1FPPC-AREQUIPA,FLORES CONDORI JUAN CARLOS,ACOSO
PENAL,DENUNCIA,D,027016694640000000000077,20/06/2022,USURPACION DE TERRENO,98,ASIGNADO PNP (PRELIMINAR),,T,1FPPC-JULIACA,CALLE PARI HIDALGO NEPTALI,USURPACION
PENAL,DENUNCIA,D,027780090410000000000078,28/06/2025,HURTO DE BIENES MUEBLES,230,ASIGNADO PNP (PRELIMINAR),,T,2FPPC-PUNO,HUANCA TITO SILVIA MARIBEL,HURTO SIMPLE
PENAL,DENUNCIA,D,027501670460000000000079,17/06/2015,"USURPACION (AGENTE CON VIOLENCIA, AMENAZA, ENGANO O ABUSO DE CONFIANZA)",243,EN JUZGAMIENTO,,T,1FPPC-LIMA SUR,TICONA APAZA PEDRO PABLO,USURPACION
PENAL,DENUNCIA,D,027576484340000000000080,02/06/2017,HOSTIGAMIENTO - ACOSO,139,FORMALIZA INVESTIGACION PREPARATORIA,,T,2FPPC-JULIACA,CALLE PARI ROSA MARIA,ACOSO
PENAL,DENUNCIA,D,027195897790000000000081,28/01/2017,LESIONES GRAVES,95,CON INVESTIGACION PRELIMINAR,,T,1FPPC-JULIACA,CALLE PARI SILVIA MARIBEL,LESIONES GRAVES
PENAL,DENUNCIA,D,027977756360000000000082,07/10/2021,ROBO CON AGRAVANTES,52,CON INVESTIGACION PRELIMINAR,,T,2FPPC-JULIACA,CALLE PARI LUIS ALBERTO,ROBO AGRAVADO
PENAL,DENUNCIA,D,027875130730000000000083,26/04/2010,LESIONES GRAVES SEGUIDAS DE MUERTE CIRCUNSTANCIAS AGRAVANTES,141,ASIGNADO PNP (PRELIMINAR),,T,1FPPC-PUNO,CONDORI ESCARCENA HIDALGO NEPTALI,LESIONES GRAVES
PENAL,DENUNCIA,D,027804226800000000000084,22/04/2024,VIOLENCIA FAMILIAR - PSICOLOGICA,7,EN JUZGAMIENTO,,T,2FPPC-JULIACA,CALLE PARI YESSY GIOVANNA,VIOLENCIA FAMILIAR
PENAL,DENUNCIA,D,027084151360000000000085,19/02/2014,ROBO AGRAVADO (A MANO ARMADA),245,ASIGNADO PNP (PRELIMINAR),,T,2FPPC-PUNO,FLORES CONDORI JUAN CARLOS,ROBO AGRAVADO
PENAL,DENUNCIA,D,027087834850000000000086,13/02/2024,HURTO DE BIENES MUEBLES,77,EN JUZGAMIENTO,,T,2FPPC-JULIACA,MELENDRES QUISPE LUIS ALBERTO,HURTO SIMPLE
PENAL,DENUNCIA,D,027993346970000000000087,03/05/2019,DOCUMENTO PUBLICO FALSO,268,ARCHIVADO,,T,1FPPC-LIMA NORTE,MELENDRES QUISPE ROSA MARIA,FALSIFICACION DOCUMENTARIA
PENAL,DENUNCIA,D,027931619860000000000088,06/11/2016,ROBO CON AGRAVANTES,51,CON INVESTIGACION PRELIMINAR,,T,1FPPC-JULIACA,APAZA MAMANI MARIA ELENA,ROBO AGRAVADO
PENAL,DENUNCIA,D,027904322290000000000089,24/11/2013,USURPACION,81,ASIGNADO PNP (PRELIMINAR),,T,1FPPC-CUSCO,CONDORI ESCARCENA SILVIA MARIBEL,USURPACION
PENAL,DENUNCIA,D,027379257200000000000090,25/09/2010,ROBO AGRAVADO - PLURALIDAD DE AGENTES,145,CON SENTENCIA,,T,1FPPC-LIMA NORTE,FLORES CONDORI HIDALGO NEPTALI,ROBO AGRAVADO
PENAL,DENUNCIA,D,027324179650000000000091,25/03/2023,DOCUMENTO PUBLICO FALSO,59,EN JUZGAMIENTO,,T,1FPPC-JULIACA,MAMANI MASCO CARMEN ROSA,FALSIFICACION DOCUMENTARIA
PENAL,DENUNCIA,D,027271860390000000000092,04/05/2011,FEMINICIDIO AGRAVADO,292,FORMALIZA INVESTIGACION PREPARATORIA,,T,1FPPC-LIMA NORTE,CONDORI ESCARCENA YESICA,FEMINICIDIO
PENAL,DENUNCIA,D,027659454600000000000093,11/09/2025,FALSEDAD GENERICA ART. 438,257,EN JUZGAMIENTO,,T,1FPPC-LIMA NORTE,CALLE PARI HIDALGO NEPTALI,FALSIFICACION DOCUMENTARIA
PENAL,DENUNCIA,D,027528051020000000000094,10/09/2019,ROBO AGRAVADO,14,ASIGNADO PNP (PRELIMINAR),,T,1FPPC-JULIACA,APAZA MAMANI RONALD BARTOLOME,ROBO AGRAVADO
PENAL,DENUNCIA,D,027944116590000000000095,17/01/2016,INCUMPLIMIENTO DE OBLIGACION ALIMENTARIA,90,ARCHIVADO,,T,1FPPC-LIMA SUR,MAMANI CURASI CARMEN ROSA,OMISION DE ASISTENCIA FAMILIAR
PENAL,DENUNCIA,D,027805624940000000000096,11/10/2019,ROBO CON AGRAVANTES,241,FORMALIZA INVESTIGACION PREPARATORIA,,T,1FPPC-CUSCO,CONDORI ESCARCENA LUIS ALBERTO,ROBO AGRAVADO
PENAL,DENUNCIA,D,027540377440000000000097,10/08/2013,ACOSO SEXUAL,254,FORMALIZA INVESTIGACION PREPARATORIA,,T,1FPPC-CUSCO,VILCA QUISPE YESICA,ACOSO
PENAL,DENUNCIA,D,027413562960000000000098,20/01/2017,VIOLENCIA FAMILIAR,60,ARCHIVADO,,T,1FPPC-LIMA SUR,FLORES CONDORI YESICA,VIOLENCIA FAMILIAR
PENAL,DENUNCIA,D,027088840730000000000099,09/04/2019,ABUSO DE AUTORIDAD (ART. 376 CP),266,FORMALIZA INVESTIGACION PREPARATORIA,,T,1FPPC-LIMA NORTE,HUANCA TITO JOSE LUIS,ABUSO DE AUTORIDAD
PENAL,DENUNCIA,D,027214657190000000000100,27/04/2022,ROBO AGRAVADO,225,CON SENTENCIA,,T,1FPPC-LIMA NORTE,CHOQUE CHUQUIMIA HIDALGO NEPTALI,ROBO AGRAVADO
PENAL,DENUNCIA,D,027259460910000000000101,15/05/2015,FALSIFICACION DOCUMENTARIA,283,ASIGNADO PNP (PRELIMINAR),,T,1FPPC-LIMA SUR,VILCA QUISPE LUIS ALBERTO,FALSIFICACION DOCUMENTARIA
PENAL,DENUNCIA,D,027192435220000000000102,08/05/2020,HURTO SIMPLE,256,CON SENTENCIA,,T,2FPPC-JULIACA,CHOQUE CHUQUIMIA YESICA,HURTO SIMPLE
PENAL,DENUNCIA,D,027399384830000000000103,04/08/2020,VIOLENCIA FAMILIAR - PSICOLOGICA,283,CON INVESTIGACION PRELIMINAR,,T,1FPPC-CUSCO,TICONA APAZA JOSE LUIS,VIOLENCIA FAMILIAR
PENAL,DENUNCIA,D,027114355260000000000104,23/01/2013,LESIONES GRAVES - AGRAVADAS,213,FORMALIZA INVESTIGACION PREPARATORIA,,T,1FPPC-LIMA SUR,HUANCA TITO PEDRO PABLO,LESIONES GRAVES
PENAL,DENUNCIA,D,027961690220000000000105,11/09/2016,USURPACION,77,ARCHIVADO,,T,1FPPC-LIMA SUR,MAMANI MASCO PEDRO PABLO,USURPACION
PENAL,DENUNCIA,D,027618084600000000000106,10/03/2022,ROBO CON AGRAVANTES,165,CON INVESTIGACION PRELIMINAR,,T,1FPPC-JULIACA,QUISPE HUANCA ROSA MARIA,ROBO AGRAVADO
PENAL,DENUNCIA,D,027521387490000000000107,24/12/2010,OMISION DE ASISTENCIA FAMILIAR ART. 149,196,ARCHIVADO,,T,3FPPC-PUNO,CHOQUE CHUQUIMIA MARIA ELENA,OMISION DE ASISTENCIA FAMILIAR
PENAL,DENUNCIA,D,027543926440000000000108,28/03/2023,ROBO AGRAVADO,226,ASIGNADO PNP (PRELIMINAR),,T,1FPPC-LIMA SUR,CONDORI ESCARCENA ROSA MARIA,ROBO AGRAVADO
PENAL,DENUNCIA,D,027252922250000000000109,13/03/2019,ROBO AGRAVADO,241,FORMALIZA INVESTIGACION PREPARATORIA,,T,1FPPC-AREQUIPA,CALLE PARI YESSY GIOVANNA,ROBO AGRAVADO
PENAL,DENUNCIA,D,027874272260000000000110,15/05/2017,OMISION DE ASISTENCIA FAMILIAR ART. 149,163,CON SENTENCIA,,T,1FPPC-LIMA NORTE,VILCA QUISPE YESICA,OMISION DE ASISTENCIA FAMILIAR
PENAL,DENUNCIA,D,027470847270000000000111,08/04/2015,VIOLENCIA FAMILIAR,47,ARCHIVADO,,T,2FPPC-PUNO,APAZA MAMANI YESICA,VIOLENCIA FAMILIAR
PENAL,DENUNCIA,D,027047417530000000000112,19/09/2016,FALSEDAD GENERICA ART. 438,167,ASIGNADO PNP (PRELIMINAR),,T,2FPPC-JULIACA,CONDORI ESCARCENA PEDRO PABLO,FALSIFICACION DOCUMENTARIA
PENAL,DENUNCIA,D,027870277510000000000113,24/06/2015,ACOSO SEXUAL,290,CON SENTENCIA,,T,3FPPC-PUNO,TICONA APAZA YESSY GIOVANNA,ACOSO
PENAL,DENUNCIA,D,027394591530000000000114,31/07/2018,FEMINICIDIO - CIRCUNSTANCIA AGRAVANTE (AGENTE ACTUA EN ESTADO DE EBRIEDAD),299,CON INVESTIGACION PRELIMINAR,,T,1FPPC-JULIACA,MELENDRES QUISPE LUIS ALBERTO,FEMINICIDIO
PENAL,DENUNCIA,D,027015386220000000000115,15/12/2024,ROBO CON AGRAVANTES,148,CON SENTENCIA,,T,1FPPC-LIMA SUR,FLORES CONDORI HIDALGO NEPTALI,ROBO AGRAVADO
PENAL,DENUNCIA,D,027490179510000000000116,07/03/2023,FEMINICIDIO,129,ARCHIVADO,,T,2FPPC-JULIACA,FLORES CONDORI JUAN CARLOS,FEMINICIDIO
PENAL,DENUNCIA,D,027624868810000000000117,28/04/2015,LESIONES GRAVES ART. 121,295,FORMALIZA INVESTIGACION PREPARATORIA,,T,2FPPC-JULIACA,FLORES CONDORI YESICA,LESIONES GRAVES
PENAL,DENUNCIA,D,027013218030000000000118,27/02/2016,ABUSO DE AUTORIDAD - FUNCIONARIO PUBLICO,255,FORMALIZA INVESTIGACION PREPARATORIA,,T,1FPPC-JULIACA,VILCA QUISPE MARIA ELENA,ABUSO DE AUTORIDAD
PENAL,DENUNCIA,D,027410632400000000000119,07/04/2014,O.A.F.,50,CON SENTENCIA,,T,1FPPC-PUNO,CHOQUE CHUQUIMIA CARMEN ROSA,OMISION DE ASISTENCIA FAMILIAR
PENAL,DENUNCIA,D,027215324760000000000120,08/03/2018,USURPACION ART. 202,152,FORMALIZA INVESTIGACION PREPARATORIA,,T,1FPPC-CUSCO,MAMANI CURASI LUIS ALBERTO,USURPACION
PENAL,DENUNCIA,D,027869792210000000000121,17/03/2018,FEMINICIDIO - CIRCUNSTANCIA AGRAVANTE (AGENTE ACTUA EN ESTADO DE EBRIEDAD),140,CON INVESTIGACION PRELIMINAR,,T,2FPPC-JULIACA,CONDORI ESCARCENA ROSA MARIA,FEMINICIDIO
PENAL,DENUNCIA,D,027767322330000000000122,01/08/2012,ROBO CON AGRAVANTES,73,CON INVESTIGACION PRELIMINAR,,T,1FPPC-CUSCO,CALLE PARI JUAN CARLOS,ROBO AGRAVADO
PENAL,DENUNCIA,D,027433297910000000000123,25/04/2010,VIOLENCIA FAMILIAR - PSICOLOGICA,64,ARCHIVADO,,T,1FPPC-AREQUIPA,MELENDRES QUISPE MARIA ELENA,VIOLENCIA FAMILIAR
PENAL,DENUNCIA,D,027177548300000000000124,02/05/2018,USURPACION DE TERRENO,242,ASIGNADO PNP (PRELIMINAR),,T,1FPPC-LIMA SUR,TICONA APAZA CARMEN ROSA,USURPACION
PENAL,DENUNCIA,D,027760659510000000000125,02/06/2011,ACOSO ART. 151-A,210,ASIGNADO PNP (PRELIMINAR),,T,3FPPC-PUNO,CHOQUE CHUQUIMIA CARMEN ROSA,ACOSO
PENAL,DENUNCIA,D,027159248460000000000126,09/08/2012,ABUSO DE AUTORIDAD,276,CON INVESTIGACION PRELIMINAR,,T,1FPPC-CUSCO,MAMANI MASCO JOSE LUIS,ABUSO DE AUTORIDAD
PENAL,DENUNCIA,D,027885078660000000000127,15/08/2025,ROBO CON AGRAVANTES,80,ARCHIVADO,,T,2FPPC-PUNO,VILCA QUISPE PEDRO PABLO,ROBO AGRAVADO
PENAL,DENUNCIA,D,027607045590000000000128,26/09/2010,ROBO AGRAVADO - PLURALIDAD DE AGENTES,228,ARCHIVADO,,T,1FPPC-JULIACA,TICONA APAZA HIDALGO NEPTALI,ROBO AGRAVADO
PENAL,DENUNCIA,D,027587619920000000000129,19/03/2022,ACOSO,204,FORMALIZA INVESTIGACION PREPARATORIA,,T,1FPPC-JULIACA,VILCA QUISPE JUAN CARLOS,ACOSO
PENAL,DENUNCIA,D,027978313490000000000130,04/10/2014,FALSEDAD GENERICA ART. 438,26,FORMALIZA INVESTIGACION PREPARATORIA,,T,1FPPC-JULIACA,MELENDRES QUISPE CARMEN ROSA,FALSIFICACION DOCUMENTARIA
PENAL,DENUNCIA,D,027339445380000000000131,07/06/2022,FEMINICIDIO - CIRCUNSTANCIAS AGRAVANTES,120,FORMALIZA INVESTIGACION PREPARATORIA,,T,3FPPC-PUNO,CHOQUE CHUQUIMIA YESICA,FEMINICIDIO
PENAL,DENUNCIA,D,027885051060000000000132,30/11/2012,OMISION DE ASISTENCIA FAMILIAR,90,ASIGNADO PNP (PRELIMINAR),,T,1FPPC-PUNO,MAMANI MASCO YESSY GIOVANNA,OMISION DE ASISTENCIA FAMILIAR
PENAL,DENUNCIA,D,027530412580000000000133,17/03/2023,FEMINICIDIO,90,FORMALIZA INVESTIGACION PREPARATORIA,,T,1FPPC-PUNO,QUISPE HUANCA SILVIA MARIBEL,FEMINICIDIO
PENAL,DENUNCIA,D,027780283440000000000134,05/06/2011,FEMINICIDIO (TENTATIVA),186,EN JUZGAMIENTO,,T,2FPPC-PUNO,HUANCA TITO YESICA,FEMINICIDIO
PENAL,DENUNCIA,D,027854359410000000000135,22/12/2010,ROBO AGRAVADO - PLURALIDAD DE AGENTES,235,CON SENTENCIA,,T,1FPPC-PUNO,CHOQUE CHUQUIMIA LUIS ALBERTO,ROBO AGRAVADO
PENAL,DENUNCIA,D,027176890320000000000136,22/05/2025,ABUSO DE AUTORIDAD FUNCIONARIO,228,ASIGNADO PNP (PRELIMINAR),,T,2FPPC-PUNO,TICONA APAZA MARIA ELENA,ABUSO DE AUTORIDAD
PENAL,DENUNCIA,D,027450599840000000000137,30/10/2012,ACOSO ART. 151-A,167,ARCHIVADO,,T,1FPPC-LIMA SUR,CONDORI ESCARCENA YESICA,ACOSO
PENAL,DENUNCIA,D,027162428740000000000138,26/08/2019,USURPACION ART. 202,283,CON SENTENCIA,,T,1FPPC-JULIACA,HUANCA TITO LUIS ALBERTO,USURPACION
PENAL,DENUNCIA,D,027743075320000000000139,08/08/2017,HURTO DE BIENES MUEBLES,213,CON SENTENCIA,,T,2FPPC-PUNO,CHOQUE CHUQUIMIA MARIA ELENA,HURTO SIMPLE
PENAL,DENUNCIA,D,027613235000000000000140,20/09/2015,HOSTIGAMIENTO - ACOSO,243,ASIGNADO PNP (PRELIMINAR),,T,2FPPC-PUNO,QUISPE HUANCA CARMEN ROSA,ACOSO
PENAL,DENUNCIA,D,027213119820000000000141,11/05/2018,USO DE DOCUMENTO FALSO,288,EN JUZGAMIENTO,,T,1FPPC-AREQUIPA,TICONA APAZA YESICA,FALSIFICACION DOCUMENTARIA
PENAL,DENUNCIA,D,027084257120000000000142,27/06/2019,FALSIFICACION DE DOCUMENTOS,160,FORMALIZA INVESTIGACION PREPARATORIA,,T,2FPPC-PUNO,QUISPE HUANCA CARMEN ROSA,FALSIFICACION DOCUMENTARIA
PENAL,DENUNCIA,D,027790046740000000000143,23/09/2024,INCUMPLIMIENTO DE OBLIGACION ALIMENTARIA,56,FORMALIZA INVESTIGACION PREPARATORIA,,T,1FPPC-LIMA SUR,CHOQUE CHUQUIMIA YESSY GIOVANNA,OMISION DE ASISTENCIA FAMILIAR
PENAL,DENUNCIA,D,027703014300000000000144,27/01/2015,ACOSO,137,ASIGNADO PNP (PRELIMINAR),,T,3FPPC-PUNO,MAMANI MASCO LUIS ALBERTO,ACOSO
PENAL,DENUNCIA,D,027297233470000000000145,20/02/2010,USURPACION AGRAVADA,290,CON SENTENCIA,,T,1FPPC-CUSCO,QUISPE HUANCA JUAN CARLOS,USURPACION
PENAL,DENUNCIA,D,027150396910000000000146,09/09/2010,FALSEDAD IDEOLOGICA,111,ARCHIVADO,,T,1FPPC-CUSCO,CALLE PARI CARMEN ROSA,FALSIFICACION DOCUMENTARIA
PENAL,DENUNCIA,D,027531423910000000000147,27/12/2016,ROBO CON AGRAVANTES,27,CON INVESTIGACION PRELIMINAR,,T,3FPPC-PUNO,CONDORI ESCARCENA JUAN CARLOS,ROBO AGRAVADO
PENAL,DENUNCIA,D,027725979470000000000148,08/02/2016,OMISION DE ASISTENCIA FAMILIAR,249,EN JUZGAMIENTO,,T,1FPPC-LIMA NORTE,VILCA QUISPE YESICA,OMISION DE ASISTENCIA FAMILIAR
PENAL,DENUNCIA,D,027565580430000000000149,21/07/2012,HURTO SIMPLE ART. 185,57,FORMALIZA INVESTIGACION PREPARATORIA,,T,1FPPC-LIMA NORTE,CHOQUE CHUQUIMIA ROSA MARIA,HURTO SIMPLE
PENAL,DENUNCIA,D,027981918970000000000150,12/11/2018,VIOLENCIA FAMILIAR - PSICOLOGICA,4,CON INVESTIGACION PRELIMINAR,,T,2FPPC-JULIACA,MAMANI CURASI SILVIA MARIBEL,VIOLENCIA FAMILIAR
PENAL,DENUNCIA,D,027196511260000000000151,11/05/2017,LESIONES GRAVES (SEGUIDAS DE MUERTE),255,CON SENTENCIA,,T,1FPPC-CUSCO,MAMANI MASCO HIDALGO NEPTALI,LESIONES GRAVES
PENAL,DENUNCIA,D,027377091960000000000152,13/10/2025,FEMINICIDIO - CIRCUNSTANCIA AGRAVANTE (AGENTE ACTUA EN ESTADO DE EBRIEDAD),287,CON SENTENCIA,,T,1FPPC-AREQUIPA,TICONA APAZA ROSA MARIA,FEMINICIDIO
PENAL,DENUNCIA,D,027030785320000000000153,14/10/2019,FALSIFICACION DE DOCUMENTOS,40,FORMALIZA INVESTIGACION PREPARATORIA,,T,1FPPC-CUSCO,CALLE PARI RONALD BARTOLOME,FALSIFICACION DOCUMENTARIA
PENAL,DENUNCIA,D,027474328870000000000154,15/05/2019,OMISION DE ASISTENCIA FAMILIAR ART. 149,208,ASIGNADO PNP (PRELIMINAR),,T,1FPPC-AREQUIPA,CALLE PARI CARMEN ROSA,OMISION DE ASISTENCIA FAMILIAR
PENAL,DENUNCIA,D,027144381550000000000155,12/02/2018,FEMINICIDIO - CIRCUNSTANCIAS AGRAVANTES,55,CON INVESTIGACION PRELIMINAR,,T,1FPPC-CUSCO,FLORES CONDORI PEDRO PABLO,FEMINICIDIO
PENAL,DENUNCIA,D,027508365620000000000156,17/11/2018,OMISION DE ASISTENCIA FAMILIAR ART. 149,114,FORMALIZA INVESTIGACION PREPARATORIA,,T,3FPPC-PUNO,HUANCA TITO YESICA,OMISION DE ASISTENCIA FAMILIAR
PENAL,DENUNCIA,D,027572467520000000000157,08/05/2014,USO DE DOCUMENTO FALSO,76,CON INVESTIGACION PRELIMINAR,,T,2FPPC-PUNO,HUANCA TITO ROSA MARIA,FALSIFICACION DOCUMENTARIA
PENAL,DENUNCIA,D,027250422340000000000158,06/07/2023,FEMINICIDIO AGRAVADO,91,CON SENTENCIA,,T,1FPPC-LIMA NORTE,CHOQUE CHUQUIMIA YESSY GIOVANNA,FEMINICIDIO
PENAL,DENUNCIA,D,027924862950000000000159,11/04/2025,ROBO AGRAVADO - PLURALIDAD DE AGENTES,162,CON INVESTIGACION PRELIMINAR,,T,1FPPC-LIMA NORTE,APAZA MAMANI JOSE LUIS,ROBO AGRAVADO
PENAL,DENUNCIA,D,027450019200000000000160,16/10/2016,FALSEDAD GENERICA ART. 438,181,EN JUZGAMIENTO,,T,2FPPC-PUNO,FLORES CONDORI CARMEN ROSA,FALSIFICACION DOCUMENTARIA
PENAL,DENUNCIA,D,027604157030000000000161,12/04/2011,USURPACION ART. 202,40,CON SENTENCIA,,T,2FPPC-PUNO,FLORES CONDORI RONALD BARTOLOME,USURPACION
PENAL,DENUNCIA,D,027950816720000000000162,18/05/2020,INCUMPLIMIENTO DE OBLIGACION ALIMENTARIA,231,EN JUZGAMIENTO,,T,1FPPC-JULIACA,HUANCA TITO MARIA ELENA,OMISION DE ASISTENCIA FAMILIAR
PENAL,DENUNCIA,D,027101383810000000000163,20/05/2013,ACOSO ART. 151-A,53,FORMALIZA INVESTIGACION PREPARATORIA,,T,2FPPC-PUNO,FLORES CONDORI ROSA MARIA,ACOSO
PENAL,DENUNCIA,D,027717281990000000000164,14/11/2025,VIOLENCIA CONTRA LA MUJER E INTEGRANTES DEL GRUPO FAMILIAR,269,EN JUZGAMIENTO,,T,3FPPC-PUNO,MAMANI CURASI SILVIA MARIBEL,VIOLENCIA FAMILIAR
PENAL,DENUNCIA,D,027554318570000000000165,03/03/2019,ACOSO SEXUAL,172,ASIGNADO PNP (PRELIMINAR),,T,1FPPC-AREQUIPA,MAMANI MASCO MARIA ELENA,ACOSO
PENAL,DENUNCIA,D,027987434630000000000166,26/03/2026,FALSIFICACION DE DOCUMENTOS,171,ASIGNADO PNP (PRELIMINAR),,T,3FPPC-PUNO,MAMANI MASCO HIDALGO NEPTALI,FALSIFICACION DOCUMENTARIA
PENAL,DENUNCIA,D,027642131120000000000167,07/11/2024,ACOSO SEXUAL,44,FORMALIZA INVESTIGACION PREPARATORIA,,T,1FPPC-LIMA SUR,VILCA QUISPE PEDRO PABLO,ACOSO
PENAL,DENUNCIA,D,027862425310000000000168,06/10/2025,HURTO SIMPLE ART. 185,217,EN JUZGAMIENTO,,T,1FPPC-AREQUIPA,CONDORI ESCARCENA CARMEN ROSA,HURTO SIMPLE
PENAL,DENUNCIA,D,027559889670000000000169,21/10/2014,ABUSO DE AUTORIDAD ART.376,99,CON INVESTIGACION PRELIMINAR,,T,3FPPC-PUNO,MAMANI MASCO YESSY GIOVANNA,ABUSO DE AUTORIDAD
PENAL,DENUNCIA,D,027884396260000000000170,21/05/2021,FEMINICIDIO,20,CON SENTENCIA,,T,1FPPC-AREQUIPA,MAMANI MASCO YESICA,FEMINICIDIO
PENAL,DENUNCIA,D,027265839620000000000171,17/06/2013,OMISION A LA ASISTENCIA FAMILIAR,85,CON SENTENCIA,,T,1FPPC-LIMA NORTE,APAZA MAMANI MARIA ELENA,OMISION DE ASISTENCIA FAMILIAR
PENAL,DENUNCIA,D,027389182770000000000172,20/02/2026,ABUSO DE AUTORIDAD FUNCIONARIO,146,CON SENTENCIA,,T,1FPPC-LIMA NORTE,QUISPE HUANCA CARMEN ROSA,ABUSO DE AUTORIDAD
PENAL,DENUNCIA,D,027317870260000000000173,09/07/2020,LESIONES GRAVES - AGRAVADAS,293,ARCHIVADO,,T,1FPPC-LIMA NORTE,CHOQUE CHUQUIMIA HIDALGO NEPTALI,LESIONES GRAVES
PENAL,DENUNCIA,D,027265542710000000000174,23/05/2019,USURPACION ART. 202,71,FORMALIZA INVESTIGACION PREPARATORIA,,T,1FPPC-PUNO,HUANCA TITO ROSA MARIA,USURPACION
PENAL,DENUNCIA,D,027845230420000000000175,15/12/2025,ROBO CON AGRAVANTES,146,ASIGNADO PNP (PRELIMINAR),,T,3FPPC-PUNO,HUANCA TITO YESICA,ROBO AGRAVADO
PENAL,DENUNCIA,D,027150246370000000000176,24/10/2019,USURPACION ART. 202,231,FORMALIZA INVESTIGACION PREPARATORIA,,T,1FPPC-PUNO,HUANCA TITO YESSY GIOVANNA,USURPACION
PENAL,DENUNCIA,D,027386273260000000000177,22/05/2018,HURTO SIMPLE,42,FORMALIZA INVESTIGACION PREPARATORIA,,T,1FPPC-JULIACA,TICONA APAZA ROSA MARIA,HURTO SIMPLE
PENAL,DENUNCIA,D,027549333920000000000178,30/07/2024,ABUSO DE AUTORIDAD ART.376,71,ASIGNADO PNP (PRELIMINAR),,T,2FPPC-JULIACA,MELENDRES QUISPE PEDRO PABLO,ABUSO DE AUTORIDAD
PENAL,DENUNCIA,D,027008622980000000000179,23/01/2020,ROBO AGRAVADO ART. 189,10,FORMALIZA INVESTIGACION PREPARATORIA,,T,1FPPC-JULIACA,CALLE PARI JOSE LUIS,ROBO AGRAVADO
PENAL,DENUNCIA,D,027693428210000000000180,02/11/2021,FEMINICIDIO - CIRCUNSTANCIAS AGRAVANTES,148,CON INVESTIGACION PRELIMINAR,,T,2FPPC-JULIACA,CALLE PARI LUIS ALBERTO,FEMINICIDIO
PENAL,DENUNCIA,D,027748920290000000000181,01/05/2024,FALSIFICACION DOCUMENTARIA,57,ARCHIVADO,,T,1FPPC-LIMA SUR,CHOQUE CHUQUIMIA MARIA ELENA,FALSIFICACION DOCUMENTARIA
PENAL,DENUNCIA,D,027235257720000000000182,05/06/2015,ABUSO DE AUTORIDAD (ART. 376 CP),220,ASIGNADO PNP (PRELIMINAR),,T,1FPPC-AREQUIPA,HUANCA TITO LUIS ALBERTO,ABUSO DE AUTORIDAD
PENAL,DENUNCIA,D,027140295760000000000183,25/11/2024,LESIONES GRAVES - AGRAVADAS,185,ASIGNADO PNP (PRELIMINAR),,T,1FPPC-LIMA SUR,TICONA APAZA YESSY GIOVANNA,LESIONES GRAVES
PENAL,DENUNCIA,D,027639787020000000000184,16/06/2010,AGRESIONES EN EL AMBITO FAMILIAR,23,CON SENTENCIA,,T,1FPPC-CUSCO,HUANCA TITO ROSA MARIA,VIOLENCIA FAMILIAR
PENAL,DENUNCIA,D,027110666490000000000185,04/01/2018,ACOSO SEXUAL,124,CON SENTENCIA,,T,2FPPC-PUNO,CALLE PARI RONALD BARTOLOME,ACOSO
PENAL,DENUNCIA,D,027894565460000000000186,26/11/2017,O.A.F.,90,CON SENTENCIA,,T,1FPPC-LIMA NORTE,CONDORI ESCARCENA RONALD BARTOLOME,OMISION DE ASISTENCIA FAMILIAR
PENAL,DENUNCIA,D,027749816050000000000187,22/01/2026,ROBO AGRAVADO ART. 189,151,CON INVESTIGACION PRELIMINAR,,T,1FPPC-PUNO,CONDORI ESCARCENA YESICA,ROBO AGRAVADO
PENAL,DENUNCIA,D,027652498970000000000188,24/07/2021,LESIONES GRAVES,243,FORMALIZA INVESTIGACION PREPARATORIA,,T,1FPPC-PUNO,QUISPE HUANCA HIDALGO NEPTALI,LESIONES GRAVES
PENAL,DENUNCIA,D,027543854760000000000189,15/09/2024,LESIONES GRAVES SEGUIDAS DE MUERTE CIRCUNSTANCIAS AGRAVANTES,64,FORMALIZA INVESTIGACION PREPARATORIA,,T,1FPPC-CUSCO,QUISPE HUANCA RONALD BARTOLOME,LESIONES GRAVES
PENAL,DENUNCIA,D,027812991510000000000190,11/03/2014,HURTO DE BIENES MUEBLES,189,EN JUZGAMIENTO,,T,2FPPC-JULIACA,TICONA APAZA JUAN CARLOS,HURTO SIMPLE
PENAL,DENUNCIA,D,027295699370000000000191,07/07/2023,FALSIFICACION DE DOCUMENTOS,151,FORMALIZA INVESTIGACION PREPARATORIA,,T,2FPPC-PUNO,MELENDRES QUISPE MARIA ELENA,FALSIFICACION DOCUMENTARIA
PENAL,DENUNCIA,D,027730579810000000000192,15/11/2016,C.F.P. (FALSEDAD GENERICA),86,CON SENTENCIA,,T,1FPPC-LIMA NORTE,VILCA QUISPE HIDALGO NEPTALI,FALSIFICACION DOCUMENTARIA
PENAL,DENUNCIA,D,027712654980000000000193,28/11/2017,HOSTIGAMIENTO - ACOSO,30,ASIGNADO PNP (PRELIMINAR),,T,1FPPC-CUSCO,MAMANI CURASI PEDRO PABLO,ACOSO
PENAL,DENUNCIA,D,027051033390000000000194,03/08/2013,ACOSO ART. 151-A,225,ASIGNADO PNP (PRELIMINAR),,T,3FPPC-PUNO,CALLE PARI CARMEN ROSA,ACOSO
PENAL,DENUNCIA,D,027627215300000000000195,14/02/2018,DOCUMENTO PUBLICO FALSO,79,CON SENTENCIA,,T,1FPPC-LIMA NORTE,VILCA QUISPE JUAN CARLOS,FALSIFICACION DOCUMENTARIA
PENAL,DENUNCIA,D,027225596740000000000196,15/11/2022,ACOSO SEXUAL,188,ARCHIVADO,,T,1FPPC-AREQUIPA,FLORES CONDORI YESICA,ACOSO
PENAL,DENUNCIA,D,027817694820000000000197,05/03/2014,"USURPACION (AGENTE CON VIOLENCIA, AMENAZA, ENGANO O ABUSO DE CONFIANZA)",199,EN JUZGAMIENTO,,T,2FPPC-PUNO,MELENDRES QUISPE RONALD BARTOLOME,USURPACION
PENAL,DENUNCIA,D,027467890470000000000198,24/10/2014,USURPACION AGRAVADA,103,ASIGNADO PNP (PRELIMINAR),,T,3FPPC-PUNO,CALLE PARI JOSE LUIS,USURPACION
PENAL,DENUNCIA,D,027143862360000000000199,26/12/2019,FALSEDAD GENERICA ART. 438,178,CON SENTENCIA,,T,2FPPC-PUNO,CONDORI ESCARCENA PEDRO PABLO,FALSIFICACION DOCUMENTARIA
PENAL,DENUNCIA,D,027285269220000000000200,14/07/2013,AGRESIONES EN EL AMBITO FAMILIAR,261,CON INVESTIGACION PRELIMINAR,,T,2FPPC-PUNO,MAMANI MASCO HIDALGO NEPTALI,VIOLENCIA FAMILIAR
PENAL,DENUNCIA,D,027591270440000000000201,04/08/2010,LESIONES GRAVES (SEGUIDAS DE MUERTE),240,EN JUZGAMIENTO,,T,3FPPC-PUNO,CHOQUE CHUQUIMIA JOSE LUIS,LESIONES GRAVES
PENAL,DENUNCIA,D,027784296120000000000202,06/12/2018,OMISION DE ASISTENCIA FAMILIAR,211,ARCHIVADO,,T,2FPPC-PUNO,MELENDRES QUISPE HIDALGO NEPTALI,OMISION DE ASISTENCIA FAMILIAR
PENAL,DENUNCIA,D,027763294760000000000203,04/02/2020,FEMINICIDIO AGRAVADO,177,CON INVESTIGACION PRELIMINAR,,T,1FPPC-LIMA SUR,VILCA QUISPE YESICA,FEMINICIDIO
PENAL,DENUNCIA,D,027090730340000000000204,12/04/2021,OMISION A LA ASISTENCIA FAMILIAR,266,CON INVESTIGACION PRELIMINAR,,T,2FPPC-JULIACA,CONDORI ESCARCENA MARIA ELENA,OMISION DE ASISTENCIA FAMILIAR
PENAL,DENUNCIA,D,027566995010000000000205,22/01/2015,FEMINICIDIO - CIRCUNSTANCIA AGRAVANTE (AGENTE ACTUA EN ESTADO DE EBRIEDAD),146,ASIGNADO PNP (PRELIMINAR),,T,2FPPC-JULIACA,QUISPE HUANCA PEDRO PABLO,FEMINICIDIO
PENAL,DENUNCIA,D,027496197400000000000206,08/01/2024,LESIONES GRAVES - AGRAVADAS,48,EN JUZGAMIENTO,,T,3FPPC-PUNO,MAMANI MASCO YESSY GIOVANNA,LESIONES GRAVES
PENAL,DENUNCIA,D,027991465310000000000207,10/10/2024,INCUMPLIMIENTO DE OBLIGACION ALIMENTARIA,289,ASIGNADO PNP (PRELIMINAR),,T,1FPPC-PUNO,CONDORI ESCARCENA YESSY GIOVANNA,OMISION DE ASISTENCIA FAMILIAR
PENAL,DENUNCIA,D,027345378250000000000208,09/12/2015,FALSIFICACION DOCUMENTARIA,16,ARCHIVADO,,T,1FPPC-LIMA SUR,VILCA QUISPE LUIS ALBERTO,FALSIFICACION DOCUMENTARIA
PENAL,DENUNCIA,D,027665358730000000000209,13/05/2025,USURPACION AGRAVADA,233,ASIGNADO PNP (PRELIMINAR),,T,1FPPC-PUNO,FLORES CONDORI SILVIA MARIBEL,USURPACION
PENAL,DENUNCIA,D,027334265730000000000210,01/06/2020,FEMINICIDIO (TENTATIVA),74,FORMALIZA INVESTIGACION PREPARATORIA,,T,1FPPC-AREQUIPA,TICONA APAZA JOSE LUIS,FEMINICIDIO
PENAL,DENUNCIA,D,027920227390000000000211,20/07/2021,HOSTIGAMIENTO - ACOSO,164,CON INVESTIGACION PRELIMINAR,,T,1FPPC-LIMA NORTE,CONDORI ESCARCENA JUAN CARLOS,ACOSO
PENAL,DENUNCIA,D,027158618290000000000212,28/02/2013,C.F.P. (FALSIFICACION DOCUMENTARIA),149,ARCHIVADO,,T,1FPPC-CUSCO,FLORES CONDORI SILVIA MARIBEL,FALSIFICACION DOCUMENTARIA
PENAL,DENUNCIA,D,027512341100000000000213,05/03/2026,LESIONES GRAVES (SEGUIDAS DE MUERTE),82,ARCHIVADO,,T,1FPPC-LIMA SUR,QUISPE HUANCA LUIS ALBERTO,LESIONES GRAVES
PENAL,DENUNCIA,D,027147574420000000000214,09/07/2010,ROBO AGRAVADO (A MANO ARMADA),259,ARCHIVADO,,T,1FPPC-JULIACA,MAMANI MASCO JOSE LUIS,ROBO AGRAVADO
PENAL,DENUNCIA,D,027460991080000000000215,19/02/2011,LESIONES GRAVES - AGRAVADAS,241,FORMALIZA INVESTIGACION PREPARATORIA,,T,1FPPC-LIMA SUR,QUISPE HUANCA RONALD BARTOLOME,LESIONES GRAVES
PENAL,DENUNCIA,D,027433369920000000000216,02/01/2013,ABUSO DE AUTORIDAD - FUNCIONARIO PUBLICO,207,FORMALIZA INVESTIGACION PREPARATORIA,,T,1FPPC-PUNO,MELENDRES QUISPE MARIA ELENA,ABUSO DE AUTORIDAD
PENAL,DENUNCIA,D,027593957280000000000217,14/05/2014,HURTO SIMPLE,38,ARCHIVADO,,T,1FPPC-LIMA SUR,APAZA MAMANI ROSA MARIA,HURTO SIMPLE
PENAL,DENUNCIA,D,027194631080000000000218,05/04/2025,ROBO AGRAVADO - PLURALIDAD DE AGENTES,50,ARCHIVADO,,T,1FPPC-AREQUIPA,MAMANI MASCO LUIS ALBERTO,ROBO AGRAVADO
PENAL,DENUNCIA,D,027987093410000000000219,19/06/2014,ACOSO ART. 151-A,206,EN JUZGAMIENTO,,T,1FPPC-PUNO,QUISPE HUANCA YESSY GIOVANNA,ACOSO
PENAL,DENUNCIA,D,027776195080000000000220,21/06/2017,ABUSO DE AUTORIDAD,234,CON INVESTIGACION PRELIMINAR,,T,1FPPC-LIMA SUR,CONDORI ESCARCENA PEDRO PABLO,ABUSO DE AUTORIDAD
PENAL,DENUNCIA,D,027643859020000000000221,24/08/2013,FEMINICIDIO AGRAVADO,173,EN JUZGAMIENTO,,T,1FPPC-LIMA SUR,APAZA MAMANI JUAN CARLOS,FEMINICIDIO
PENAL,DENUNCIA,D,027778012720000000000222,21/09/2016,VIOLENCIA FAMILIAR ART. 122-B,189,FORMALIZA INVESTIGACION PREPARATORIA,,T,2FPPC-PUNO,CALLE PARI LUIS ALBERTO,VIOLENCIA FAMILIAR
PENAL,DENUNCIA,D,027043687750000000000223,07/06/2025,HURTO SIMPLE Y OTROS,136,CON SENTENCIA,,T,1FPPC-JULIACA,MAMANI MASCO PEDRO PABLO,HURTO SIMPLE
PENAL,DENUNCIA,D,027622934210000000000224,04/10/2021,ABUSO DE AUTORIDAD Y OTROS,125,ASIGNADO PNP (PRELIMINAR),,T,2FPPC-PUNO,FLORES CONDORI YESSY GIOVANNA,ABUSO DE AUTORIDAD
PENAL,DENUNCIA,D,027248177650000000000225,24/05/2019,LESIONES GRAVES,105,ARCHIVADO,,T,1FPPC-LIMA SUR,FLORES CONDORI JUAN CARLOS,LESIONES GRAVES
PENAL,DENUNCIA,D,027226294980000000000226,26/05/2011,OMISION DE ASISTENCIA FAMILIAR ART. 149,107,EN JUZGAMIENTO,,T,1FPPC-AREQUIPA,CALLE PARI PEDRO PABLO,OMISION DE ASISTENCIA FAMILIAR
PENAL,DENUNCIA,D,027753197340000000000227,19/11/2013,ROBO AGRAVADO - PLURALIDAD DE AGENTES,176,EN JUZGAMIENTO,,T,1FPPC-AREQUIPA,TICONA APAZA JUAN CARLOS,ROBO AGRAVADO
PENAL,DENUNCIA,D,027457158900000000000228,13/07/2015,USURPACION DE TERRENO,116,FORMALIZA INVESTIGACION PREPARATORIA,,T,2FPPC-JULIACA,FLORES CONDORI SILVIA MARIBEL,USURPACION
PENAL,DENUNCIA,D,027918354800000000000229,28/10/2017,LESIONES GRAVES ART. 121,148,ASIGNADO PNP (PRELIMINAR),,T,1FPPC-LIMA SUR,QUISPE HUANCA JOSE LUIS,LESIONES GRAVES
PENAL,DENUNCIA,D,027068957120000000000230,07/07/2016,HURTO DE BIENES MUEBLES,41,FORMALIZA INVESTIGACION PREPARATORIA,,T,1FPPC-LIMA NORTE,QUISPE HUANCA YESSY GIOVANNA,HURTO SIMPLE
PENAL,DENUNCIA,D,027444254500000000000231,30/01/2022,USURPACION ART. 202,71,ASIGNADO PNP (PRELIMINAR),,T,1FPPC-JULIACA,CHOQUE CHUQUIMIA SILVIA MARIBEL,USURPACION
PENAL,DENUNCIA,D,027381418600000000000232,23/01/2015,LESIONES GRAVES,52,ARCHIVADO,,T,1FPPC-AREQUIPA,VILCA QUISPE ROSA MARIA,LESIONES GRAVES
PENAL,DENUNCIA,D,027901635870000000000233,12/02/2010,ROBO AGRAVADO,209,CON SENTENCIA,,T,1FPPC-LIMA NORTE,VILCA QUISPE YESSY GIOVANNA,ROBO AGRAVADO
PENAL,DENUNCIA,D,027096924650000000000234,27/05/2016,ROBO AGRAVADO ART. 189,294,CON INVESTIGACION PRELIMINAR,,T,1FPPC-LIMA SUR,MAMANI MASCO JUAN CARLOS,ROBO AGRAVADO
PENAL,DENUNCIA,D,027650491160000000000235,25/10/2010,ABUSO AUTORIDAD,96,CON SENTENCIA,,T,2FPPC-JULIACA,TICONA APAZA YESSY GIOVANNA,ABUSO DE AUTORIDAD
PENAL,DENUNCIA,D,027175864890000000000236,09/07/2023,ABUSO DE AUTORIDAD,146,ARCHIVADO,,T,1FPPC-LIMA SUR,MAMANI MASCO LUIS ALBERTO,ABUSO DE AUTORIDAD
PENAL,DENUNCIA,D,027447041590000000000237,01/07/2020,VIOLENCIA FAMILIAR ART. 122-B,58,FORMALIZA INVESTIGACION PREPARATORIA,,T,3FPPC-PUNO,CONDORI ESCARCENA ROSA MARIA,VIOLENCIA FAMILIAR
PENAL,DENUNCIA,D,027552358330000000000238,26/04/2010,ROBO CON AGRAVANTES,291,CON SENTENCIA,,T,1FPPC-JULIACA,CALLE PARI YESSY GIOVANNA,ROBO AGRAVADO
PENAL,DENUNCIA,D,027844263720000000000239,05/08/2019,FEMINICIDIO - CIRCUNSTANCIAS AGRAVANTES,45,ARCHIVADO,,T,2FPPC-PUNO,VILCA QUISPE MARIA ELENA,FEMINICIDIO
PENAL,DENUNCIA,D,027011152720000000000240,26/07/2015,FEMINICIDIO - CIRCUNSTANCIA AGRAVANTE (AGENTE ACTUA EN ESTADO DE EBRIEDAD),197,CON INVESTIGACION PRELIMINAR,,T,1FPPC-LIMA NORTE,FLORES CONDORI JUAN CARLOS,FEMINICIDIO
PENAL,DENUNCIA,D,027938611870000000000241,19/03/2026,USURPACION AGRAVADA,134,CON SENTENCIA,,T,1FPPC-AREQUIPA,MAMANI MASCO LUIS ALBERTO,USURPACION
PENAL,DENUNCIA,D,027502636160000000000242,09/06/2020,LESIONES GRAVES,208,CON SENTENCIA,,T,1FPPC-LIMA SUR,VILCA QUISPE YESICA,LESIONES GRAVES
PENAL,DENUNCIA,D,027361845900000000000243,30/03/2018,USURPACION,69,ARCHIVADO,,T,3FPPC-PUNO,VILCA QUISPE HIDALGO NEPTALI,USURPACION
PENAL,DENUNCIA,D,027899887140000000000244,29/09/2025,ROBO AGRAVADO - PLURALIDAD DE AGENTES,276,CON SENTENCIA,,T,1FPPC-JULIACA,QUISPE HUANCA MARIA ELENA,ROBO AGRAVADO
PENAL,DENUNCIA,D,027865369270000000000245,08/01/2020,LESIONES GRAVES - AGRAVADAS,40,EN JUZGAMIENTO,,T,2FPPC-PUNO,MELENDRES QUISPE ROSA MARIA,LESIONES GRAVES
PENAL,DENUNCIA,D,027938397920000000000246,15/07/2014,ABUSO DE AUTORIDAD - FUNCIONARIO PUBLICO,77,CON INVESTIGACION PRELIMINAR,,T,1FPPC-AREQUIPA,HUANCA TITO ROSA MARIA,ABUSO DE AUTORIDAD
PENAL,DENUNCIA,D,027955490080000000000247,10/08/2014,VIOLENCIA FAMILIAR ART. 122-B,47,EN JUZGAMIENTO,,T,1FPPC-LIMA NORTE,MELENDRES QUISPE CARMEN ROSA,VIOLENCIA FAMILIAR
PENAL,DENUNCIA,D,027748419450000000000248,27/04/2019,ABUSO DE AUTORIDAD FUNCIONARIO,287,ARCHIVADO,,T,2FPPC-JULIACA,CONDORI ESCARCENA ROSA MARIA,ABUSO DE AUTORIDAD
PENAL,DENUNCIA,D,027947521960000000000249,21/11/2014,ABUSO DE AUTORIDAD FUNCIONARIO,24,ARCHIVADO,,T,1FPPC-AREQUIPA,MAMANI MASCO RONALD BARTOLOME,ABUSO DE AUTORIDAD
PENAL,DENUNCIA,D,027470376980000000000250,17/09/2010,FALSIFICACION DOCUMENTARIA,93,CON INVESTIGACION PRELIMINAR,,T,1FPPC-CUSCO,MELENDRES QUISPE JOSE LUIS,FALSIFICACION DOCUMENTARIA
PENAL,DENUNCIA,D,027131498350000000000251,05/06/2018,HOSTIGAMIENTO - ACOSO,69,CON SENTENCIA,,T,1FPPC-AREQUIPA,FLORES CONDORI MARIA ELENA,ACOSO
PENAL,DENUNCIA,D,027208646480000000000252,11/11/2021,FALSEDAD IDEOLOGICA,2,ASIGNADO PNP (PRELIMINAR),,T,2FPPC-JULIACA,HUANCA TITO MARIA ELENA,FALSIFICACION DOCUMENTARIA
PENAL,DENUNCIA,D,027376250550000000000253,05/07/2018,ROBO AGRAVADO - PLURALIDAD DE AGENTES,236,FORMALIZA INVESTIGACION PREPARATORIA,,T,3FPPC-PUNO,TICONA APAZA ROSA MARIA,ROBO AGRAVADO
PENAL,DENUNCIA,D,027686812560000000000254,21/09/2010,"USURPACION (AGENTE CON VIOLENCIA, AMENAZA, ENGANO O ABUSO DE CONFIANZA)",124,CON INVESTIGACION PRELIMINAR,,T,2FPPC-PUNO,CALLE PARI YESICA,USURPACION
PENAL,DENUNCIA,D,027079750090000000000255,27/01/2025,FALSIFICACION DOCUMENTARIA,23,ARCHIVADO,,T,1FPPC-LIMA NORTE,FLORES CONDORI LUIS ALBERTO,FALSIFICACION DOCUMENTARIA
PENAL,DENUNCIA,D,027825557390000000000256,21/02/2013,LESIONES GRAVES - AGRAVADAS,120,CON SENTENCIA,,T,1FPPC-AREQUIPA,CHOQUE CHUQUIMIA RONALD BARTOLOME,LESIONES GRAVES
PENAL,DENUNCIA,D,027494433470000000000257,25/04/2015,INCUMPLIMIENTO DE OBLIGACION ALIMENTARIA,267,CON INVESTIGACION PRELIMINAR,,T,1FPPC-CUSCO,VILCA QUISPE JUAN CARLOS,OMISION DE ASISTENCIA FAMILIAR
PENAL,DENUNCIA,D,027286979990000000000258,09/04/2023,USURPACION AGRAVADA,285,ARCHIVADO,,T,1FPPC-PUNO,MAMANI CURASI ROSA MARIA,USURPACION
PENAL,DENUNCIA,D,027682176880000000000259,14/08/2025,HOSTIGAMIENTO - ACOSO,77,FORMALIZA INVESTIGACION PREPARATORIA,,T,1FPPC-CUSCO,HUANCA TITO JUAN CARLOS,ACOSO
PENAL,DENUNCIA,D,027492733650000000000260,21/01/2015,FEMINICIDIO - CIRCUNSTANCIAS AGRAVANTES,238,ASIGNADO PNP (PRELIMINAR),,T,1FPPC-LIMA SUR,FLORES CONDORI SILVIA MARIBEL,FEMINICIDIO
PENAL,DENUNCIA,D,027636349780000000000261,03/01/2013,HURTO DE BIENES MUEBLES,131,CON INVESTIGACION PRELIMINAR,,T,1FPPC-AREQUIPA,HUANCA TITO ROSA MARIA,HURTO SIMPLE
PENAL,DENUNCIA,D,027312018440000000000262,05/01/2022,FALSEDAD GENERICA ART. 438,138,ARCHIVADO,,T,1FPPC-PUNO,QUISPE HUANCA YESICA,FALSIFICACION DOCUMENTARIA
PENAL,DENUNCIA,D,027915645550000000000263,22/01/2025,DOCUMENTO PUBLICO FALSO,246,CON INVESTIGACION PRELIMINAR,,T,1FPPC-AREQUIPA,APAZA MAMANI PEDRO PABLO,FALSIFICACION DOCUMENTARIA
PENAL,DENUNCIA,D,027784649740000000000264,19/08/2012,USURPACION,105,ARCHIVADO,,T,1FPPC-JULIACA,CHOQUE CHUQUIMIA SILVIA MARIBEL,USURPACION
PENAL,DENUNCIA,D,027874368860000000000265,16/06/2020,VIOLENCIA FAMILIAR - PSICOLOGICA,158,FORMALIZA INVESTIGACION PREPARATORIA,,T,1FPPC-AREQUIPA,MAMANI MASCO MARIA ELENA,VIOLENCIA FAMILIAR
PENAL,DENUNCIA,D,027769262460000000000266,16/03/2026,VIOLENCIA FAMILIAR ART. 122-B,105,FORMALIZA INVESTIGACION PREPARATORIA,,T,1FPPC-AREQUIPA,FLORES CONDORI YESICA,VIOLENCIA FAMILIAR
PENAL,DENUNCIA,D,027026552720000000000267,10/04/2013,HURTO SIMPLE,284,EN JUZGAMIENTO,,T,1FPPC-CUSCO,APAZA MAMANI SILVIA MARIBEL,HURTO SIMPLE
PENAL,DENUNCIA,D,027622350260000000000268,28/02/2015,"USURPACION (AGENTE CON VIOLENCIA, AMENAZA, ENGANO O ABUSO DE CONFIANZA)",256,EN JUZGAMIENTO,,T,1FPPC-AREQUIPA,CHOQUE CHUQUIMIA JUAN CARLOS,USURPACION
PENAL,DENUNCIA,D,027755037560000000000269,01/01/2021,USURPACION ART. 202,181,CON INVESTIGACION PRELIMINAR,,T,3FPPC-PUNO,CALLE PARI CARMEN ROSA,USURPACION
PENAL,DENUNCIA,D,027096295840000000000270,24/05/2024,VIOLENCIA FAMILIAR ART. 122-B,18,ASIGNADO PNP (PRELIMINAR),,T,1FPPC-PUNO,CONDORI ESCARCENA ROSA MARIA,VIOLENCIA FAMILIAR
PENAL,DENUNCIA,D,027111334740000000000271,11/03/2015,ABUSO DE AUTORIDAD FUNCIONARIO,5,CON INVESTIGACION PRELIMINAR,,T,1FPPC-LIMA SUR,CONDORI ESCARCENA CARMEN ROSA,ABUSO DE AUTORIDAD
PENAL,DENUNCIA,D,027791689930000000000272,21/04/2024,ROBO CON AGRAVANTES,9,ASIGNADO PNP (PRELIMINAR),,T,1FPPC-LIMA SUR,MAMANI CURASI LUIS ALBERTO,ROBO AGRAVADO
PENAL,DENUNCIA,D,027450197770000000000273,15/11/2021,VIOLENCIA FAMILIAR ART. 122-B,147,ASIGNADO PNP (PRELIMINAR),,T,1FPPC-LIMA SUR,MAMANI CURASI RONALD BARTOLOME,VIOLENCIA FAMILIAR
PENAL,DENUNCIA,D,027243949480000000000274,05/10/2021,HURTO,99,EN JUZGAMIENTO,,T,1FPPC-LIMA SUR,MELENDRES QUISPE YESICA,HURTO SIMPLE
PENAL,DENUNCIA,D,027611276520000000000275,10/10/2011,USURPACION AGRAVADA,236,EN JUZGAMIENTO,,T,1FPPC-JULIACA,MAMANI MASCO MARIA ELENA,USURPACION
PENAL,DENUNCIA,D,027051925310000000000276,30/08/2024,LESIONES GRAVES SEGUIDAS DE MUERTE CIRCUNSTANCIAS AGRAVANTES,208,ARCHIVADO,,T,1FPPC-CUSCO,VILCA QUISPE YESICA,LESIONES GRAVES
PENAL,DENUNCIA,D,027280723540000000000277,19/03/2010,VIOLENCIA FAMILIAR ART. 122-B,256,ARCHIVADO,,T,1FPPC-AREQUIPA,MAMANI CURASI CARMEN ROSA,VIOLENCIA FAMILIAR
PENAL,DENUNCIA,D,027346387900000000000278,26/02/2015,OMISION DE ASISTENCIA FAMILIAR,139,ASIGNADO PNP (PRELIMINAR),,T,2FPPC-PUNO,HUANCA TITO RONALD BARTOLOME,OMISION DE ASISTENCIA FAMILIAR
PENAL,DENUNCIA,D,027293861520000000000279,27/09/2010,USURPACION DE TERRENO,9,CON INVESTIGACION PRELIMINAR,,T,3FPPC-PUNO,APAZA MAMANI CARMEN ROSA,USURPACION
PENAL,DENUNCIA,D,027393973750000000000280,25/08/2022,HURTO SIMPLE,277,FORMALIZA INVESTIGACION PREPARATORIA,,T,1FPPC-CUSCO,MAMANI MASCO YESSY GIOVANNA,HURTO SIMPLE
PENAL,DENUNCIA,D,027087926000000000000281,04/10/2017,FEMINICIDIO,224,CON INVESTIGACION PRELIMINAR,,T,2FPPC-PUNO,HUANCA TITO PEDRO PABLO,FEMINICIDIO
PENAL,DENUNCIA,D,027534714850000000000282,24/11/2018,ACOSO ART. 151-A,140,ARCHIVADO,,T,1FPPC-LIMA NORTE,APAZA MAMANI LUIS ALBERTO,ACOSO
PENAL,DENUNCIA,D,027304372270000000000283,08/09/2019,LESIONES GRAVES SEGUIDAS DE MUERTE CIRCUNSTANCIAS AGRAVANTES,44,EN JUZGAMIENTO,,T,2FPPC-JULIACA,HUANCA TITO MARIA ELENA,LESIONES GRAVES
PENAL,DENUNCIA,D,027622535270000000000284,17/06/2013,LESIONES GRAVES,200,FORMALIZA INVESTIGACION PREPARATORIA,,T,1FPPC-AREQUIPA,MELENDRES QUISPE HIDALGO NEPTALI,LESIONES GRAVES
PENAL,DENUNCIA,D,027589654190000000000285,23/12/2019,USO DE DOCUMENTO FALSO,53,CON INVESTIGACION PRELIMINAR,,T,2FPPC-PUNO,MAMANI CURASI HIDALGO NEPTALI,FALSIFICACION DOCUMENTARIA
PENAL,DENUNCIA,D,027839576850000000000286,11/06/2022,FEMINICIDIO (TENTATIVA),53,ASIGNADO PNP (PRELIMINAR),,T,2FPPC-PUNO,FLORES CONDORI ROSA MARIA,FEMINICIDIO
PENAL,DENUNCIA,D,027531573110000000000287,01/06/2023,ACOSO ART. 151-A,7,FORMALIZA INVESTIGACION PREPARATORIA,,T,1FPPC-CUSCO,MELENDRES QUISPE LUIS ALBERTO,ACOSO
PENAL,DENUNCIA,D,027937095370000000000288,12/06/2015,HURTO SIMPLE,87,CON SENTENCIA,,T,1FPPC-CUSCO,CALLE PARI ROSA MARIA,HURTO SIMPLE
PENAL,DENUNCIA,D,027807933900000000000289,08/01/2016,FEMINICIDIO - CIRCUNSTANCIA AGRAVANTE (AGENTE ACTUA EN ESTADO DE EBRIEDAD),33,CON INVESTIGACION PRELIMINAR,,T,1FPPC-CUSCO,MAMANI MASCO HIDALGO NEPTALI,FEMINICIDIO
PENAL,DENUNCIA,D,027591651230000000000290,23/09/2011,USURPACION ART. 202,127,CON SENTENCIA,,T,1FPPC-LIMA NORTE,MAMANI MASCO JOSE LUIS,USURPACION
PENAL,DENUNCIA,D,027221959910000000000291,26/05/2012,INCUMPLIMIENTO DE OBLIGACION ALIMENTARIA,4,ARCHIVADO,,T,1FPPC-AREQUIPA,CHOQUE CHUQUIMIA JOSE LUIS,OMISION DE ASISTENCIA FAMILIAR
PENAL,DENUNCIA,D,027705532300000000000292,05/07/2017,OMISION DE ASISTENCIA FAMILIAR ART. 149,154,FORMALIZA INVESTIGACION PREPARATORIA,,T,1FPPC-JULIACA,QUISPE HUANCA JOSE LUIS,OMISION DE ASISTENCIA FAMILIAR
PENAL,DENUNCIA,D,027477590440000000000293,27/02/2017,ROBO CON AGRAVANTES,295,CON INVESTIGACION PRELIMINAR,,T,1FPPC-AREQUIPA,CONDORI ESCARCENA MARIA ELENA,ROBO AGRAVADO
PENAL,DENUNCIA,D,027923842730000000000294,21/07/2012,HURTO SIMPLE ART. 185,280,CON INVESTIGACION PRELIMINAR,,T,1FPPC-LIMA SUR,TICONA APAZA JUAN CARLOS,HURTO SIMPLE
PENAL,DENUNCIA,D,027718357730000000000295,14/09/2014,ABUSO DE AUTORIDAD (ART. 376 CP),36,ARCHIVADO,,T,1FPPC-LIMA NORTE,FLORES CONDORI PEDRO PABLO,ABUSO DE AUTORIDAD
PENAL,DENUNCIA,D,027252579320000000000296,09/10/2024,FEMINICIDIO AGRAVADO,194,ASIGNADO PNP (PRELIMINAR),,T,1FPPC-LIMA NORTE,CHOQUE CHUQUIMIA HIDALGO NEPTALI,FEMINICIDIO
PENAL,DENUNCIA,D,027830078530000000000297,26/12/2021,OMISION DE ASISTENCIA FAMILIAR ART. 149,279,ASIGNADO PNP (PRELIMINAR),,T,1FPPC-AREQUIPA,APAZA MAMANI MARIA ELENA,OMISION DE ASISTENCIA FAMILIAR
PENAL,DENUNCIA,D,027406768160000000000298,14/06/2012,AGRESIONES EN EL AMBITO FAMILIAR,86,CON SENTENCIA,,T,1FPPC-PUNO,VILCA QUISPE YESICA,VIOLENCIA FAMILIAR
PENAL,DENUNCIA,D,027017226150000000000299,17/05/2012,OMISION DE ASISTENCIA FAMILIAR ART. 149,133,CON INVESTIGACION PRELIMINAR,,T,1FPPC-LIMA SUR,QUISPE HUANCA MARIA ELENA,OMISION DE ASISTENCIA FAMILIAR
PENAL,DENUNCIA,D,027362183030000000000300,26/11/2022,AGRESIONES EN EL AMBITO FAMILIAR,192,ARCHIVADO,,T,1FPPC-LIMA NORTE,APAZA MAMANI PEDRO PABLO,VIOLENCIA FAMILIAR
